,movie_title,movie_stars,movie_ratings,release_year,movie_duration,movie_url
0, The Shawshank Redemption,9.3†,2800000,1994,2h 22m,https://www.imdb.com/title/tt0111161/?ref_=chttp_i_1
1, The Godfather,9.2†,200000,1972,2h 55m,https://www.imdb.com/title/tt0068646/?ref_=chttp_i_2
2, The Dark Knight,9.0†,2800000,2008,2h 32m,https://www.imdb.com/title/tt0468569/?ref_=chttp_i_3
3, The Godfather: Part II,9.0†,1300000,1974,3h 22m,https://www.imdb.com/title/tt0071562/?ref_=chttp_i_4
4, 12 Angry Men,9.0†,843000,1957,1h 36m,https://www.imdb.com/title/tt0050083/?ref_=chttp_i_5
5, Schindler's List,9.0†,1400000,1993,3h 15m,https://www.imdb.com/title/tt0108052/?ref_=chttp_i_6
6, The Lord of the Rings: The Return of the King,9.0†,1900000,2003,3h 21m,https://www.imdb.com/title/tt0167260/?ref_=chttp_i_7
7, Pulp Fiction,8.9†,2200000,1994,2h 34m,https://www.imdb.com/title/tt0110912/?ref_=chttp_i_8
8, The Lord of the Rings: The Fellowship of the Ring,8.8†,200000,2001,2h 58m,https://www.imdb.com/title/tt0120737/?ref_=chttp_i_9
9," Il Buono, Il Brutto, Il Cattivo",8.8†,797000,1966,2h 41m,https://www.imdb.com/title/tt0060196/?ref_=chttp_i_10
10, Forrest Gump,8.8†,2200000,1994,2h 22m,https://www.imdb.com/title/tt0109830/?ref_=chttp_i_11
11, Fight Club,8.8†,2300000,1999,2h 19m,https://www.imdb.com/title/tt0137523/?ref_=chttp_i_12
12, The Lord of the Rings: The Two Towers,8.8†,1700000,2002,2h 59m,https://www.imdb.com/title/tt0167261/?ref_=chttp_i_13
13, Inception,8.8†,2500000,2010,2h 28m,https://www.imdb.com/title/tt1375666/?ref_=chttp_i_14
14, Star Wars: Episode V - The Empire Strikes Back,8.7†,1400000,1980,2h 4m,https://www.imdb.com/title/tt0080684/?ref_=chttp_i_15
15, The Matrix,8.7†,200000,1999,2h 16m,https://www.imdb.com/title/tt0133093/?ref_=chttp_i_16
16, GoodFellas,8.7†,1200000,1990,2h 25m,https://www.imdb.com/title/tt0099685/?ref_=chttp_i_17
17, One Flew Over the Cuckoo's Nest,8.7†,1100000,1975,2h 13m,https://www.imdb.com/title/tt0073486/?ref_=chttp_i_18
18, Se7en,8.6†,1800000,1995,2h 7m,https://www.imdb.com/title/tt0114369/?ref_=chttp_i_19
19, It's a Wonderful Life,8.6†,484000,1946,2h 10m,https://www.imdb.com/title/tt0038650/?ref_=chttp_i_20
20, Shichinin No Samurai,8.6†,361000,1954,3h 27m,https://www.imdb.com/title/tt0047478/?ref_=chttp_i_21
21, Interstellar,8.7†,200000,2014,2h 49m,https://www.imdb.com/title/tt0816692/?ref_=chttp_i_22
22, The Silence of the Lambs,8.6†,1500000,1991,1h 58m,https://www.imdb.com/title/tt0102926/?ref_=chttp_i_23
23, Saving Private Ryan,8.6†,1500000,1998,2h 49m,https://www.imdb.com/title/tt0120815/?ref_=chttp_i_24
24, City of God,8.6†,788000,2002,2h 10m,https://www.imdb.com/title/tt0317248/?ref_=chttp_i_25
25, Life Is Beautiful,8.6†,729000,1997,1h 56m,https://www.imdb.com/title/tt0118799/?ref_=chttp_i_26
26, The Green Mile,8.6†,1400000,1999,3h 9m,https://www.imdb.com/title/tt0120689/?ref_=chttp_i_27
27, Spider-man: Across the Spider-verse,8.7†,308000,2023,2h 20m,https://www.imdb.com/title/tt9362722/?ref_=chttp_i_28
28, Star Wars: Episode IV - A New Hope,8.6†,1400000,1977,2h 1m,https://www.imdb.com/title/tt0076759/?ref_=chttp_i_29
29, Terminator 2: Judgment Day,8.6†,1200000,1991,2h 17m,https://www.imdb.com/title/tt0103064/?ref_=chttp_i_30
30, Back to the Future,8.5†,1300000,1985,1h 56m,https://www.imdb.com/title/tt0088763/?ref_=chttp_i_31
31, Spirited Away,8.6†,822000,2001,2h 5m,https://www.imdb.com/title/tt0245429/?ref_=chttp_i_32
32, The Pianist,8.5†,889000,2002,2h 30m,https://www.imdb.com/title/tt0253474/?ref_=chttp_i_33
33, Psycho,8.5†,706000,1960,1h 49m,https://www.imdb.com/title/tt0054215/?ref_=chttp_i_34
34, Parasite,8.5†,908000,2019,2h 12m,https://www.imdb.com/title/tt6751668/?ref_=chttp_i_35
35, Gladiator,8.5†,1600000,2000,2h 35m,https://www.imdb.com/title/tt0172495/?ref_=chttp_i_36
36, The Lion King,8.5†,1100000,1994,1h 28m,https://www.imdb.com/title/tt0110357/?ref_=chttp_i_37
37, L√©on,8.5†,1200000,1994,1h 50m,https://www.imdb.com/title/tt0110413/?ref_=chttp_i_38
38, American History X,8.5†,1200000,1998,1h 59m,https://www.imdb.com/title/tt0120586/?ref_=chttp_i_39
39, The Departed,8.5†,1400000,2006,2h 31m,https://www.imdb.com/title/tt0407887/?ref_=chttp_i_40
40, Whiplash,8.5†,950000,2014,1h 46m,https://www.imdb.com/title/tt2582802/?ref_=chttp_i_41
41, The Prestige,8.5†,1400000,2006,2h 10m,https://www.imdb.com/title/tt0482571/?ref_=chttp_i_42
42, Grave of the Fireflies,8.5†,300000,1988,1h 29m,https://www.imdb.com/title/tt0095327/?ref_=chttp_i_43
43, The Usual Suspects,8.5†,1100000,1995,1h 46m,https://www.imdb.com/title/tt0114814/?ref_=chttp_i_44
44, Seppuku,8.6†,65000,1962,2h 13m,https://www.imdb.com/title/tt0056058/?ref_=chttp_i_45
45, Casablanca,8.5†,596000,1942,1h 42m,https://www.imdb.com/title/tt0034583/?ref_=chttp_i_46
46, Intouchables,8.5†,908000,2011,1h 52m,https://www.imdb.com/title/tt1675434/?ref_=chttp_i_47
47, Modern Times,8.5†,255000,1936,1h 27m,https://www.imdb.com/title/tt0027977/?ref_=chttp_i_48
48, Cinema Paradiso,8.5†,277000,1988,2h 35m,https://www.imdb.com/title/tt0095765/?ref_=chttp_i_49
49, C'era Una Volta Il West,8.5†,344000,1968,2h 46m,https://www.imdb.com/title/tt0064116/?ref_=chttp_i_50
50, Rear Window,8.5†,513000,1954,1h 52m,https://www.imdb.com/title/tt0047396/?ref_=chttp_i_51
51, Alien,8.5†,930000,1979,1h 57m,https://www.imdb.com/title/tt0078748/?ref_=chttp_i_52
52, City Lights,8.5†,193000,1931,1h 27m,https://www.imdb.com/title/tt0021749/?ref_=chttp_i_53
53, Apocalypse Now,8.4†,698000,1979,2h 27m,https://www.imdb.com/title/tt0078788/?ref_=chttp_i_54
54, Django Unchained,8.5†,1700000,2012,2h 45m,https://www.imdb.com/title/tt1853728/?ref_=chttp_i_55
55, Memento,8.4†,1300000,2000,1h 53m,https://www.imdb.com/title/tt0209144/?ref_=chttp_i_56
56, Raiders of the Lost Ark,8.4†,100000,1981,1h 55m,https://www.imdb.com/title/tt0082971/?ref_=chttp_i_57
57, WALL∑E,8.4†,1200000,2008,1h 38m,https://www.imdb.com/title/tt0910970/?ref_=chttp_i_58
58, Das Leben der Anderen,8.4†,404000,2006,2h 17m,https://www.imdb.com/title/tt0405094/?ref_=chttp_i_59
59, Sunset Blvd,8.4†,232000,1950,1h 50m,https://www.imdb.com/title/tt0043014/?ref_=chttp_i_60
60, Paths of Glory,8.4†,208000,1957,1h 28m,https://www.imdb.com/title/tt0050825/?ref_=chttp_i_61
61, Avengers: Infinity War,8.4†,1200000,2018,2h 29m,https://www.imdb.com/title/tt4154756/?ref_=chttp_i_62
62, Oppenheimer,8.4†,537000,2023,3h,https://www.imdb.com/title/tt15398776/?ref_=chttp_i_63
63, The Shining,8.4†,1100000,1980,2h 26m,https://www.imdb.com/title/tt0081505/?ref_=chttp_i_64
64, Spider-Man: Into the Spider-Verse,8.4†,644000,2018,1h 57m,https://www.imdb.com/title/tt4633694/?ref_=chttp_i_65
65, Witness for the Prosecution,8.4†,134000,1957,1h 56m,https://www.imdb.com/title/tt0051201/?ref_=chttp_i_66
66, The Great Dictator,8.4†,234000,1940,2h 5m,https://www.imdb.com/title/tt0032553/?ref_=chttp_i_67
67, Alien 2,8.4†,750000,1986,2h 17m,https://www.imdb.com/title/tt0090605/?ref_=chttp_i_68
68, Inglourious Basterds,8.4†,1500000,2009,2h 33m,https://www.imdb.com/title/tt0361748/?ref_=chttp_i_69
69, The Dark Knight Rises,8.4†,1800000,2012,2h 44m,https://www.imdb.com/title/tt1345836/?ref_=chttp_i_70
70, American Beauty,8.3†,1200000,1999,2h 2m,https://www.imdb.com/title/tt0169547/?ref_=chttp_i_71
71, Dr,8.4†,510000,1964,1h 35m,https://www.imdb.com/title/tt0057012/?ref_=chttp_i_72
72, Oldeuboi,8.4†,619000,2003,1h 41m,https://www.imdb.com/title/tt0364569/?ref_=chttp_i_73
73, Coco,8.4†,567000,2017,1h 45m,https://www.imdb.com/title/tt2380307/?ref_=chttp_i_74
74, Amadeus,8.4†,421000,1984,2h 40m,https://www.imdb.com/title/tt0086879/?ref_=chttp_i_75
75, Toy Story,8.3†,100000,1995,1h 21m,https://www.imdb.com/title/tt0114709/?ref_=chttp_i_76
76, Das Boot,8.4†,261000,1981,2h 29m,https://www.imdb.com/title/tt0082096/?ref_=chttp_i_77
77, Braveheart,8.3†,1100000,1995,2h 58m,https://www.imdb.com/title/tt0112573/?ref_=chttp_i_78
78, Avengers: Endgame,8.4†,1200000,2019,3h 1m,https://www.imdb.com/title/tt4154796/?ref_=chttp_i_79
79, Joker,8.4†,1400000,2019,2h 2m,https://www.imdb.com/title/tt7286456/?ref_=chttp_i_80
80, Mononoke-hime,8.3†,421000,1997,2h 14m,https://www.imdb.com/title/tt0119698/?ref_=chttp_i_81
81, Good Will Hunting,8.3†,100000,1997,2h 6m,https://www.imdb.com/title/tt0119217/?ref_=chttp_i_82
82, Kimi No Na Wa,8.4†,305000,2016,1h 46m,https://www.imdb.com/title/tt5311514/?ref_=chttp_i_83
83, Once Upon a Time in America,8.3†,370000,1984,3h 49m,https://www.imdb.com/title/tt0087843/?ref_=chttp_i_84
84, Tengoku to Jigoku,8.4†,51000,1963,2h 23m,https://www.imdb.com/title/tt0057565/?ref_=chttp_i_85
85, 3 Idiots,8.4†,423000,2009,2h 50m,https://www.imdb.com/title/tt1187043/?ref_=chttp_i_86
86, Singin' in the Rain,8.3†,256000,1952,1h 43m,https://www.imdb.com/title/tt0045152/?ref_=chttp_i_87
87, Capharna√ºm,8.4†,101000,2018,2h 6m,https://www.imdb.com/title/tt8267604/?ref_=chttp_i_88
88, Requiem for a Dream,8.3†,883000,2000,1h 42m,https://www.imdb.com/title/tt0180093/?ref_=chttp_i_89
89, Idi I Smotri,8.4†,92000,1985,2h 22m,https://www.imdb.com/title/tt0091251/?ref_=chttp_i_90
90, Toy Story 3,8.3†,877000,2010,1h 43m,https://www.imdb.com/title/tt0435761/?ref_=chttp_i_91
91, Star Wars: Episode VI - Return of the Jedi,8.3†,1100000,1983,2h 11m,https://www.imdb.com/title/tt0086190/?ref_=chttp_i_92
92, Eternal Sunshine of the Spotless Mind,8.3†,1100000,2004,1h 48m,https://www.imdb.com/title/tt0338013/?ref_=chttp_i_93
93, 2001: A Space Odyssey,8.3†,705000,1968,2h 29m,https://www.imdb.com/title/tt0062622/?ref_=chttp_i_94
94, Jagten,8.3†,355000,2012,1h 55m,https://www.imdb.com/title/tt2106476/?ref_=chttp_i_95
95, Reservoir Dogs,8.3†,1100000,1992,1h 39m,https://www.imdb.com/title/tt0105236/?ref_=chttp_i_96
96, Ikiru,8.3†,85000,1952,2h 23m,https://www.imdb.com/title/tt0044741/?ref_=chttp_i_97
97, Lawrence of Arabia,8.3†,308000,1962,3h 38m,https://www.imdb.com/title/tt0056172/?ref_=chttp_i_98
98, The Apartment,8.3†,192000,1960,2h 5m,https://www.imdb.com/title/tt0053604/?ref_=chttp_i_99
99, Citizen Kane,8.3†,459000,1941,1h 59m,https://www.imdb.com/title/tt0033467/?ref_=chttp_i_100
100, M - Eine Stadt sucht einen M√∂rder,8.3†,166000,1931,1h 57m,https://www.imdb.com/title/tt0022100/?ref_=chttp_i_101
101, North by Northwest,8.3†,341000,1959,2h 16m,https://www.imdb.com/title/tt0053125/?ref_=chttp_i_102
102, Vertigo,8.3†,420000,1958,2h 8m,https://www.imdb.com/title/tt0052357/?ref_=chttp_i_103
103, Double Indemnity,8.3†,165000,1944,1h 47m,https://www.imdb.com/title/tt0036775/?ref_=chttp_i_104
104, Le fabuleux destin d'Am√©lie Poulain,8.3†,784000,2001,2h 2m,https://www.imdb.com/title/tt0211915/?ref_=chttp_i_105
105, Scarface,8.3†,895000,1983,2h 50m,https://www.imdb.com/title/tt0086250/?ref_=chttp_i_106
106, Full Metal Jacket,8.3†,777000,1987,1h 56m,https://www.imdb.com/title/tt0093058/?ref_=chttp_i_107
107, Incendies,8.3†,192000,2010,2h 11m,https://www.imdb.com/title/tt1255953/?ref_=chttp_i_108
108, A Clockwork Orange,8.3†,867000,1971,2h 16m,https://www.imdb.com/title/tt0066921/?ref_=chttp_i_109
109, Heat,8.3†,702000,1995,2h 50m,https://www.imdb.com/title/tt0113277/?ref_=chttp_i_110
110, Up,8.3†,1100000,2009,1h 36m,https://www.imdb.com/title/tt1049413/?ref_=chttp_i_111
111, To Kill a Mockingbird,8.3†,328000,1962,2h 9m,https://www.imdb.com/title/tt0056592/?ref_=chttp_i_112
112, The Sting,8.3†,275000,1973,2h 9m,https://www.imdb.com/title/tt0070735/?ref_=chttp_i_113
113, Hamilton,8.3†,109000,2020,2h 40m,https://www.imdb.com/title/tt8503618/?ref_=chttp_i_114
114, Jodaeiye Nader Az Simin,8.3†,255000,2011,2h 3m,https://www.imdb.com/title/tt1832382/?ref_=chttp_i_115
115, Indiana Jones and the Last Crusade,8.2†,798000,1989,2h 7m,https://www.imdb.com/title/tt0097576/?ref_=chttp_i_116
116, Metropolis,8.3†,182000,1927,2h 33m,https://www.imdb.com/title/tt0017136/?ref_=chttp_i_117
117, Die Hard,8.2†,921000,1988,2h 12m,https://www.imdb.com/title/tt0095016/?ref_=chttp_i_118
118, Taare Zameen Par,8.3†,203000,2007,2h 42m,https://www.imdb.com/title/tt0986264/?ref_=chttp_i_119
119, Snatch,8.2†,894000,2000,1h 44m,https://www.imdb.com/title/tt0208092/?ref_=chttp_i_120
120, L,8.2†,606000,1997,2h 18m,https://www.imdb.com/title/tt0119488/?ref_=chttp_i_121
121, Ladri Di Biciclette,8.3†,172000,1948,1h 29m,https://www.imdb.com/title/tt0040522/?ref_=chttp_i_122
122, Taxi Driver,8.2†,897000,1976,1h 54m,https://www.imdb.com/title/tt0075314/?ref_=chttp_i_123
123,1917,8.2†,653000,2019,1h 59m,https://www.imdb.com/title/tt8579674/?ref_=chttp_i_124
124, Der Untergang,8.2†,370000,2004,2h 36m,https://www.imdb.com/title/tt0363163/?ref_=chttp_i_125
125, Dangal,8.3†,205000,2016,2h 41m,https://www.imdb.com/title/tt5074352/?ref_=chttp_i_126
126, Per qualche dollaro in pi√π,8.2†,269000,1965,2h 12m,https://www.imdb.com/title/tt0059578/?ref_=chttp_i_127
127, Batman Begins,8.2†,1500000,2005,2h 20m,https://www.imdb.com/title/tt0372784/?ref_=chttp_i_128
128, Top Gun: Maverick,8.3†,645000,2022,2h 10m,https://www.imdb.com/title/tt1745960/?ref_=chttp_i_129
129, Some Like It Hot,8.2†,279000,1959,2h 1m,https://www.imdb.com/title/tt0053291/?ref_=chttp_i_130
130, The Kid,8.2†,133000,1921,1h 8m,https://www.imdb.com/title/tt0012349/?ref_=chttp_i_131
131, The Wolf of Wall Street,8.2†,1500000,2013,3h,https://www.imdb.com/title/tt0993846/?ref_=chttp_i_132
132, The Father,8.2†,182000,2020,1h 37m,https://www.imdb.com/title/tt10272386/?ref_=chttp_i_133
133, Green Book,8.2†,545000,2018,2h 10m,https://www.imdb.com/title/tt6966692/?ref_=chttp_i_134
134, All About Eve,8.2†,137000,1950,2h 18m,https://www.imdb.com/title/tt0042192/?ref_=chttp_i_135
135, Judgment at Nuremberg,8.3†,83000,1961,2h 59m,https://www.imdb.com/title/tt0055031/?ref_=chttp_i_136
136, The Truman Show,8.2†,1200000,1998,1h 43m,https://www.imdb.com/title/tt0120382/?ref_=chttp_i_137
137, There Will Be Blood,8.2†,628000,2007,2h 38m,https://www.imdb.com/title/tt0469494/?ref_=chttp_i_138
138, Casino,8.2†,552000,1995,2h 58m,https://www.imdb.com/title/tt0112641/?ref_=chttp_i_139
139, Shutter Island,8.2†,1400000,2010,2h 18m,https://www.imdb.com/title/tt1130884/?ref_=chttp_i_140
140, Ran,8.2†,133000,1985,2h 40m,https://www.imdb.com/title/tt0089881/?ref_=chttp_i_141
141, El Laberinto Del Fauno,8.2†,694000,2006,1h 58m,https://www.imdb.com/title/tt0457430/?ref_=chttp_i_142
142, Jurassic Park,8.2†,100000,1993,2h 7m,https://www.imdb.com/title/tt0107290/?ref_=chttp_i_143
143, The Sixth Sense,8.2†,100000,1999,1h 47m,https://www.imdb.com/title/tt0167404/?ref_=chttp_i_144
144, Unforgiven,8.2†,430000,1992,2h 10m,https://www.imdb.com/title/tt0105695/?ref_=chttp_i_145
145, A Beautiful Mind,8.2†,971000,2001,2h 15m,https://www.imdb.com/title/tt0268978/?ref_=chttp_i_146
146, No Country for Old Men,8.2†,100000,2007,2h 2m,https://www.imdb.com/title/tt0477348/?ref_=chttp_i_147
147, The Treasure of the Sierra Madre,8.2†,131000,1948,2h 6m,https://www.imdb.com/title/tt0040897/?ref_=chttp_i_148
148, Y√¥jinb√¥,8.2†,129000,1961,1h 50m,https://www.imdb.com/title/tt0055630/?ref_=chttp_i_149
149, Kill Bill: Vol,8.2†,1200000,2003,1h 51m,https://www.imdb.com/title/tt0266697/?ref_=chttp_i_150
150, The Thing,8.2†,455000,1982,1h 49m,https://www.imdb.com/title/tt0084787/?ref_=chttp_i_151
151, Monty Python and the Holy Grail,8.2†,562000,1975,1h 31m,https://www.imdb.com/title/tt0071853/?ref_=chttp_i_152
152, The Great Escape,8.2†,255000,1963,2h 52m,https://www.imdb.com/title/tt0057115/?ref_=chttp_i_153
153, Finding Nemo,8.2†,1100000,2003,1h 40m,https://www.imdb.com/title/tt0266543/?ref_=chttp_i_154
154, Rash≈çmon,8.2†,177000,1950,1h 28m,https://www.imdb.com/title/tt0042876/?ref_=chttp_i_155
155, The Elephant Man,8.2†,254000,1980,2h 4m,https://www.imdb.com/title/tt0080678/?ref_=chttp_i_156
156, Chinatown,8.2†,343000,1974,2h 10m,https://www.imdb.com/title/tt0071315/?ref_=chttp_i_157
157, Hauru No Ugoku Shiro,8.2†,432000,2004,1h 59m,https://www.imdb.com/title/tt0347149/?ref_=chttp_i_158
158, Dial M for Murder,8.2†,185000,1954,1h 45m,https://www.imdb.com/title/tt0046912/?ref_=chttp_i_159
159, Gone with the Wind,8.2†,329000,1939,3h 58m,https://www.imdb.com/title/tt0031381/?ref_=chttp_i_160
160, Prisoners,8.1†,783000,2013,2h 33m,https://www.imdb.com/title/tt1392214/?ref_=chttp_i_161
161, V for Vendetta,8.2†,1200000,2005,2h 12m,https://www.imdb.com/title/tt0434409/?ref_=chttp_i_162
162, Raging Bull,8.1†,373000,1980,2h 9m,https://www.imdb.com/title/tt0081398/?ref_=chttp_i_163
163," Lock, Stock and Two Smoking Barrels",8.1†,607000,1998,1h 47m,https://www.imdb.com/title/tt0120735/?ref_=chttp_i_164
164, El Secreto De Sus Ojos,8.2†,219000,2009,2h 9m,https://www.imdb.com/title/tt1305806/?ref_=chttp_i_165
165, Inside Out,8.1†,765000,2015,1h 35m,https://www.imdb.com/title/tt2096673/?ref_=chttp_i_166
166, Spider-Man: No Way Home,8.2†,847000,2021,2h 28m,https://www.imdb.com/title/tt10872600/?ref_=chttp_i_167
167," Three Billboards Outside Ebbing, Missouri",8.1†,542000,2017,1h 55m,https://www.imdb.com/title/tt5027774/?ref_=chttp_i_168
168, Trainspotting,8.1†,715000,1996,1h 33m,https://www.imdb.com/title/tt0117951/?ref_=chttp_i_169
169, The Bridge on the River Kwai,8.1†,230000,1957,2h 41m,https://www.imdb.com/title/tt0050212/?ref_=chttp_i_170
170, Fargo,8.1†,710000,1996,1h 38m,https://www.imdb.com/title/tt0116282/?ref_=chttp_i_171
171, Warrior,8.1†,491000,2011,2h 20m,https://www.imdb.com/title/tt1291584/?ref_=chttp_i_172
172, Catch Me If You Can,8.1†,1100000,2002,2h 21m,https://www.imdb.com/title/tt0264464/?ref_=chttp_i_173
173, Gran Torino,8.1†,804000,2008,1h 56m,https://www.imdb.com/title/tt1205489/?ref_=chttp_i_174
174, Klaus,8.2†,176000,2019,1h 36m,https://www.imdb.com/title/tt4729430/?ref_=chttp_i_175
175, My Neighbour Totoro,8.1†,367000,1988,1h 26m,https://www.imdb.com/title/tt0096283/?ref_=chttp_i_176
176, Million Dollar Baby,8.1†,712000,2004,2h 12m,https://www.imdb.com/title/tt0405159/?ref_=chttp_i_177
177, Harry Potter and the Deathly Hallows: Part 2,8.1†,927000,2011,2h 10m,https://www.imdb.com/title/tt1201607/?ref_=chttp_i_178
178, Bacheha-Ye Aseman,8.2†,79000,1997,1h 29m,https://www.imdb.com/title/tt0118849/?ref_=chttp_i_179
179, Blade Runner,8.1†,808000,1982,1h 57m,https://www.imdb.com/title/tt0083658/?ref_=chttp_i_180
180, 12 Years a Slave,8.1†,730000,2013,2h 14m,https://www.imdb.com/title/tt2024544/?ref_=chttp_i_181
181, Before Sunrise,8.1†,331000,1995,1h 41m,https://www.imdb.com/title/tt0112471/?ref_=chttp_i_182
182, The Grand Budapest Hotel,8.1†,868000,2014,1h 39m,https://www.imdb.com/title/tt2278388/?ref_=chttp_i_183
183, Ben-Hur,8.1†,250000,1959,3h 32m,https://www.imdb.com/title/tt0052618/?ref_=chttp_i_184
184, The Gold Rush,8.1†,117000,1925,1h 35m,https://www.imdb.com/title/tt0015864/?ref_=chttp_i_185
185, Barry Lyndon,8.1†,179000,1975,3h 5m,https://www.imdb.com/title/tt0072684/?ref_=chttp_i_186
186, Gone Girl,8.1†,100000,2014,2h 29m,https://www.imdb.com/title/tt2267998/?ref_=chttp_i_187
187, Hacksaw Ridge,8.1†,576000,2016,2h 19m,https://www.imdb.com/title/tt2119532/?ref_=chttp_i_188
188, In the Name of the Father,8.1†,184000,1993,2h 13m,https://www.imdb.com/title/tt0107207/?ref_=chttp_i_189
189, On the Waterfront,8.1†,162000,1954,1h 48m,https://www.imdb.com/title/tt0047296/?ref_=chttp_i_190
190, Salinui Chueok,8.1†,207000,2003,2h 11m,https://www.imdb.com/title/tt0353969/?ref_=chttp_i_191
191, The General,8.1†,96000,1926,1h 18m,https://www.imdb.com/title/tt0017925/?ref_=chttp_i_192
192, The Deer Hunter,8.1†,356000,1978,3h 3m,https://www.imdb.com/title/tt0077416/?ref_=chttp_i_193
193, Smultronst√§llet,8.1†,113000,1957,1h 31m,https://www.imdb.com/title/tt0050986/?ref_=chttp_i_194
194, Relatos Salvajes,8.1†,212000,2014,2h 2m,https://www.imdb.com/title/tt3011894/?ref_=chttp_i_195
195, Dead Poets Society,8.1†,529000,1989,2h 8m,https://www.imdb.com/title/tt0097165/?ref_=chttp_i_196
196, The Third Man,8.1†,179000,1949,1h 44m,https://www.imdb.com/title/tt0041959/?ref_=chttp_i_197
197, Le Salaire De La Peur,8.2†,65000,1953,2h 11m,https://www.imdb.com/title/tt0046268/?ref_=chttp_i_198
198, Mad Max: Fury Road,8.1†,1100000,2015,2h,https://www.imdb.com/title/tt1392190/?ref_=chttp_i_199
199, Sherlock Jr,8.2†,55000,1924,45m,https://www.imdb.com/title/tt0015324/?ref_=chttp_i_200
200," Monsters, Inc",8.1†,959000,2001,1h 32m,https://www.imdb.com/title/tt0198781/?ref_=chttp_i_201
201, Mr,8.1†,120000,1939,2h 9m,https://www.imdb.com/title/tt0031679/?ref_=chttp_i_202
202, Jaws,8.1†,647000,1975,2h 4m,https://www.imdb.com/title/tt0073195/?ref_=chttp_i_203
203, How to Train Your Dragon,8.1†,783000,2010,1h 38m,https://www.imdb.com/title/tt0892769/?ref_=chttp_i_204
204, Mary and Max,8.1†,184000,2009,1h 32m,https://www.imdb.com/title/tt0978762/?ref_=chttp_i_205
205, Ford v,8.1†,446000,2019,2h 32m,https://www.imdb.com/title/tt1950186/?ref_=chttp_i_206
206, Det Sjunde Inseglet,8.1†,195000,1957,1h 36m,https://www.imdb.com/title/tt0050976/?ref_=chttp_i_207
207, Room,8.1†,442000,2015,1h 58m,https://www.imdb.com/title/tt3170832/?ref_=chttp_i_208
208, The Big Lebowski,8.1†,846000,1998,1h 57m,https://www.imdb.com/title/tt0118715/?ref_=chttp_i_209
209, Ratatouille,8.1†,800000,2007,1h 51m,https://www.imdb.com/title/tt0382932/?ref_=chttp_i_210
210, Tokyo Story,8.1†,67000,1953,2h 16m,https://www.imdb.com/title/tt0046438/?ref_=chttp_i_211
211, Rocky,8.1†,616000,1976,2h,https://www.imdb.com/title/tt0075148/?ref_=chttp_i_212
212, Hotel Rwanda,8.1†,368000,2004,2h 1m,https://www.imdb.com/title/tt0395169/?ref_=chttp_i_213
213, Logan,8.1†,812000,2017,2h 17m,https://www.imdb.com/title/tt3315342/?ref_=chttp_i_214
214, Spotlight,8.1†,494000,2015,2h 9m,https://www.imdb.com/title/tt1895587/?ref_=chttp_i_215
215, Platoon,8.1†,432000,1986,2h,https://www.imdb.com/title/tt0091763/?ref_=chttp_i_216
216, La passion de Jeanne d'Arc,8.1†,59000,1928,1h 50m,https://www.imdb.com/title/tt0019254/?ref_=chttp_i_217
217, The Terminator,8.1†,908000,1984,1h 47m,https://www.imdb.com/title/tt0088247/?ref_=chttp_i_218
218, Jai Bhim,8.7†,213000,2021,2h 44m,https://www.imdb.com/title/tt15097216/?ref_=chttp_i_219
219, Before Sunset,8.1†,282000,2004,1h 20m,https://www.imdb.com/title/tt0381681/?ref_=chttp_i_220
220, Rush,8.1†,504000,2013,2h 3m,https://www.imdb.com/title/tt1979320/?ref_=chttp_i_221
221, Network,8.1†,167000,1976,2h 1m,https://www.imdb.com/title/tt0074958/?ref_=chttp_i_222
222, The Best Years of Our Lives,8.1†,69000,1946,2h 50m,https://www.imdb.com/title/tt0036868/?ref_=chttp_i_223
223, The Exorcist,8.1†,446000,1973,2h 2m,https://www.imdb.com/title/tt0070047/?ref_=chttp_i_224
224, Stand by Me,8.1†,432000,1986,1h 29m,https://www.imdb.com/title/tt0092005/?ref_=chttp_i_225
225, La haine,8.1†,190000,1995,1h 38m,https://www.imdb.com/title/tt0113247/?ref_=chttp_i_226
226, Pirates of the Caribbean: The Curse of the Black Pearl,8.1†,1200000,2003,2h 23m,https://www.imdb.com/title/tt0325980/?ref_=chttp_i_227
227, The Wizard of Oz,8.1†,421000,1939,1h 42m,https://www.imdb.com/title/tt0032138/?ref_=chttp_i_228
228, The Incredibles,8.0†,788000,2004,1h 55m,https://www.imdb.com/title/tt0317705/?ref_=chttp_i_229
229, Into the Wild,8.1†,648000,2007,2h 28m,https://www.imdb.com/title/tt0758758/?ref_=chttp_i_230
230, Hachi: A Dog's Tale,8.1†,304000,2009,1h 33m,https://www.imdb.com/title/tt1028532/?ref_=chttp_i_231
231, Ah-ga-ssi,8.1†,166000,2016,2h 25m,https://www.imdb.com/title/tt4016934/?ref_=chttp_i_232
232, To Be or Not to Be,8.2†,42000,1942,1h 39m,https://www.imdb.com/title/tt0035446/?ref_=chttp_i_233
233, My Father and My Son,8.2†,91000,2005,1h 52m,https://www.imdb.com/title/tt0476735/?ref_=chttp_i_234
234, Groundhog Day,8.0†,669000,1993,1h 41m,https://www.imdb.com/title/tt0107048/?ref_=chttp_i_235
235, La battaglia di Algeri,8.1†,64000,1966,2h 1m,https://www.imdb.com/title/tt0058946/?ref_=chttp_i_236
236, The Grapes of Wrath,8.1†,98000,1940,2h 9m,https://www.imdb.com/title/tt0032551/?ref_=chttp_i_237
237, Amores perros,8.1†,250000,2000,2h 34m,https://www.imdb.com/title/tt0245712/?ref_=chttp_i_238
238, The Sound of Music,8.1†,252000,1965,2h 52m,https://www.imdb.com/title/tt0059742/?ref_=chttp_i_239
239, Rebecca,8.1†,144000,1940,2h 10m,https://www.imdb.com/title/tt0032976/?ref_=chttp_i_240
240, Cool Hand Luke,8.1†,186000,1967,2h 7m,https://www.imdb.com/title/tt0061512/?ref_=chttp_i_241
241, The Iron Giant,8.1†,220000,1999,1h 26m,https://www.imdb.com/title/tt0129167/?ref_=chttp_i_242
242, The Help,8.1†,484000,2011,2h 26m,https://www.imdb.com/title/tt1454029/?ref_=chttp_i_243
243, It Happened One Night,8.1†,110000,1934,1h 45m,https://www.imdb.com/title/tt0025316/?ref_=chttp_i_244
244, Pather Panchali,8.2†,37000,1955,2h 5m,https://www.imdb.com/title/tt0048473/?ref_=chttp_i_245
245, The 400 Blows,8.1†,126000,1959,1h 39m,https://www.imdb.com/title/tt0053198/?ref_=chttp_i_246
246, Aladdin,8.0†,455000,1992,1h 30m,https://www.imdb.com/title/tt0103639/?ref_=chttp_i_247
247, Dances with Wolves,8.0†,285000,1990,3h 1m,https://www.imdb.com/title/tt0099348/?ref_=chttp_i_248
248, Persona,8.1†,128000,1966,1h 25m,https://www.imdb.com/title/tt0060827/?ref_=chttp_i_249
249, Life of Brian,8.0†,418000,1979,1h 34m,https://www.imdb.com/title/tt0079470/?ref_=chttp_i_250
